timestamp,date,units_demanded,day_of_week,day_name,month,month_name,is_weekend,is_holiday,is_trauma_event,scenario
2024-01-01 09:01:00,2024-01-01,17,0,Monday,1,January,False,True,False,Hamilton_Medium_Hospital
2024-01-02 14:15:00,2024-01-02,25,1,Tuesday,1,January,False,False,False,Hamilton_Medium_Hospital
2024-01-03 12:47:00,2024-01-03,10,2,Wednesday,1,January,False,False,False,Hamilton_Medium_Hospital
2024-01-04 09:47:00,2024-01-04,16,3,Thursday,1,January,False,False,False,Hamilton_Medium_Hospital
2024-01-05 12:05:00,2024-01-05,17,4,Friday,1,January,False,False,False,Hamilton_Medium_Hospital
2024-01-06 20:02:00,2024-01-06,4,5,Saturday,1,January,True,False,False,Hamilton_Medium_Hospital
2024-01-07 12:32:00,2024-01-07,11,6,Sunday,1,January,True,False,True,Hamilton_Medium_Hospital
2024-01-08 14:35:00,2024-01-08,22,0,Monday,1,January,False,False,False,Hamilton_Medium_Hospital
2024-01-09 20:41:00,2024-01-09,26,1,Tuesday,1,January,False,False,False,Hamilton_Medium_Hospital
2024-01-10 10:26:00,2024-01-10,6,2,Wednesday,1,January,False,False,False,Hamilton_Medium_Hospital
2024-01-11 06:37:00,2024-01-11,14,3,Thursday,1,January,False,False,False,Hamilton_Medium_Hospital
2024-01-12 16:55:00,2024-01-12,23,4,Friday,1,January,False,False,False,Hamilton_Medium_Hospital
2024-01-13 11:44:00,2024-01-13,19,5,Saturday,1,January,True,False,True,Hamilton_Medium_Hospital
2024-01-14 15:17:00,2024-01-14,8,6,Sunday,1,January,True,False,False,Hamilton_Medium_Hospital
2024-01-15 15:48:00,2024-01-15,13,0,Monday,1,January,False,True,False,Hamilton_Medium_Hospital
2024-01-16 12:05:00,2024-01-16,26,1,Tuesday,1,January,False,False,False,Hamilton_Medium_Hospital
2024-01-17 19:22:00,2024-01-17,12,2,Wednesday,1,January,False,False,False,Hamilton_Medium_Hospital
2024-01-18 09:38:00,2024-01-18,15,3,Thursday,1,January,False,False,False,Hamilton_Medium_Hospital
2024-01-19 19:02:00,2024-01-19,22,4,Friday,1,January,False,False,False,Hamilton_Medium_Hospital
2024-01-20 09:34:00,2024-01-20,8,5,Saturday,1,January,True,False,False,Hamilton_Medium_Hospital
2024-01-21 08:59:00,2024-01-21,15,6,Sunday,1,January,True,False,False,Hamilton_Medium_Hospital
2024-01-22 12:35:00,2024-01-22,24,0,Monday,1,January,False,False,False,Hamilton_Medium_Hospital
2024-01-23 12:40:00,2024-01-23,23,1,Tuesday,1,January,False,False,False,Hamilton_Medium_Hospital
2024-01-24 13:55:00,2024-01-24,22,2,Wednesday,1,January,False,False,False,Hamilton_Medium_Hospital
2024-01-25 09:12:00,2024-01-25,19,3,Thursday,1,January,False,False,False,Hamilton_Medium_Hospital
2024-01-26 10:02:00,2024-01-26,21,4,Friday,1,January,False,False,False,Hamilton_Medium_Hospital
2024-01-27 08:49:00,2024-01-27,9,5,Saturday,1,January,True,False,False,Hamilton_Medium_Hospital
2024-01-28 07:05:00,2024-01-28,14,6,Sunday,1,January,True,False,False,Hamilton_Medium_Hospital
2024-01-29 14:55:00,2024-01-29,29,0,Monday,1,January,False,False,False,Hamilton_Medium_Hospital
2024-01-30 20:17:00,2024-01-30,26,1,Tuesday,1,January,False,False,False,Hamilton_Medium_Hospital
2024-01-31 16:53:00,2024-01-31,11,2,Wednesday,1,January,False,False,False,Hamilton_Medium_Hospital
2024-02-01 08:23:00,2024-02-01,13,3,Thursday,2,February,False,False,False,Hamilton_Medium_Hospital
2024-02-02 09:42:00,2024-02-02,14,4,Friday,2,February,False,False,False,Hamilton_Medium_Hospital
2024-02-03 08:59:00,2024-02-03,17,5,Saturday,2,February,True,False,False,Hamilton_Medium_Hospital
2024-02-04 15:04:00,2024-02-04,13,6,Sunday,2,February,True,False,False,Hamilton_Medium_Hospital
2024-02-05 14:10:00,2024-02-05,9,0,Monday,2,February,False,False,False,Hamilton_Medium_Hospital
2024-02-06 10:15:00,2024-02-06,14,1,Tuesday,2,February,False,False,False,Hamilton_Medium_Hospital
2024-02-07 16:24:00,2024-02-07,30,2,Wednesday,2,February,False,False,False,Hamilton_Medium_Hospital
2024-02-08 10:59:00,2024-02-08,31,3,Thursday,2,February,False,False,False,Hamilton_Medium_Hospital
2024-02-09 20:35:00,2024-02-09,23,4,Friday,2,February,False,False,False,Hamilton_Medium_Hospital
2024-02-10 17:20:00,2024-02-10,9,5,Saturday,2,February,True,False,False,Hamilton_Medium_Hospital
2024-02-11 20:49:00,2024-02-11,11,6,Sunday,2,February,True,False,False,Hamilton_Medium_Hospital
2024-02-12 18:52:00,2024-02-12,16,0,Monday,2,February,False,False,False,Hamilton_Medium_Hospital
2024-02-13 11:17:00,2024-02-13,48,1,Tuesday,2,February,False,False,True,Hamilton_Medium_Hospital
2024-02-14 16:58:00,2024-02-14,23,2,Wednesday,2,February,False,False,False,Hamilton_Medium_Hospital
2024-02-15 19:56:00,2024-02-15,16,3,Thursday,2,February,False,False,False,Hamilton_Medium_Hospital
2024-02-16 12:13:00,2024-02-16,14,4,Friday,2,February,False,False,False,Hamilton_Medium_Hospital
2024-02-17 07:25:00,2024-02-17,5,5,Saturday,2,February,True,False,False,Hamilton_Medium_Hospital
2024-02-18 13:41:00,2024-02-18,11,6,Sunday,2,February,True,False,False,Hamilton_Medium_Hospital
2024-02-19 13:16:00,2024-02-19,6,0,Monday,2,February,False,True,False,Hamilton_Medium_Hospital
2024-02-20 16:47:00,2024-02-20,31,1,Tuesday,2,February,False,False,False,Hamilton_Medium_Hospital
2024-02-21 07:16:00,2024-02-21,21,2,Wednesday,2,February,False,False,False,Hamilton_Medium_Hospital
2024-02-22 13:27:00,2024-02-22,9,3,Thursday,2,February,False,False,False,Hamilton_Medium_Hospital
2024-02-23 21:25:00,2024-02-23,35,4,Friday,2,February,False,False,False,Hamilton_Medium_Hospital
2024-02-24 11:08:00,2024-02-24,12,5,Saturday,2,February,True,False,False,Hamilton_Medium_Hospital
2024-02-25 17:05:00,2024-02-25,11,6,Sunday,2,February,True,False,False,Hamilton_Medium_Hospital
2024-02-26 09:55:00,2024-02-26,17,0,Monday,2,February,False,False,False,Hamilton_Medium_Hospital
2024-02-27 14:40:00,2024-02-27,31,1,Tuesday,2,February,False,False,False,Hamilton_Medium_Hospital
2024-02-28 14:43:00,2024-02-28,17,2,Wednesday,2,February,False,False,False,Hamilton_Medium_Hospital
2024-02-29 07:04:00,2024-02-29,8,3,Thursday,2,February,False,False,False,Hamilton_Medium_Hospital
2024-03-01 12:38:00,2024-03-01,24,4,Friday,3,March,False,False,False,Hamilton_Medium_Hospital
2024-03-02 21:33:00,2024-03-02,19,5,Saturday,3,March,True,False,False,Hamilton_Medium_Hospital
2024-03-03 16:35:00,2024-03-03,13,6,Sunday,3,March,True,False,False,Hamilton_Medium_Hospital
2024-03-04 13:00:00,2024-03-04,13,0,Monday,3,March,False,False,False,Hamilton_Medium_Hospital
2024-03-05 15:07:00,2024-03-05,18,1,Tuesday,3,March,False,False,False,Hamilton_Medium_Hospital
2024-03-06 11:34:00,2024-03-06,20,2,Wednesday,3,March,False,False,False,Hamilton_Medium_Hospital
2024-03-07 10:49:00,2024-03-07,28,3,Thursday,3,March,False,False,False,Hamilton_Medium_Hospital
2024-03-08 19:07:00,2024-03-08,17,4,Friday,3,March,False,False,False,Hamilton_Medium_Hospital
2024-03-09 14:10:00,2024-03-09,18,5,Saturday,3,March,True,False,False,Hamilton_Medium_Hospital
2024-03-10 14:46:00,2024-03-10,8,6,Sunday,3,March,True,False,False,Hamilton_Medium_Hospital
2024-03-11 08:16:00,2024-03-11,15,0,Monday,3,March,False,False,False,Hamilton_Medium_Hospital
2024-03-12 11:48:00,2024-03-12,23,1,Tuesday,3,March,False,False,False,Hamilton_Medium_Hospital
2024-03-13 08:58:00,2024-03-13,14,2,Wednesday,3,March,False,False,False,Hamilton_Medium_Hospital
2024-03-14 08:40:00,2024-03-14,30,3,Thursday,3,March,False,False,False,Hamilton_Medium_Hospital
2024-03-15 16:40:00,2024-03-15,28,4,Friday,3,March,False,False,False,Hamilton_Medium_Hospital
2024-03-16 08:12:00,2024-03-16,10,5,Saturday,3,March,True,False,False,Hamilton_Medium_Hospital
2024-03-17 08:48:00,2024-03-17,5,6,Sunday,3,March,True,False,False,Hamilton_Medium_Hospital
2024-03-18 21:49:00,2024-03-18,22,0,Monday,3,March,False,False,False,Hamilton_Medium_Hospital
2024-03-19 21:58:00,2024-03-19,6,1,Tuesday,3,March,False,False,False,Hamilton_Medium_Hospital
2024-03-20 12:01:00,2024-03-20,20,2,Wednesday,3,March,False,False,True,Hamilton_Medium_Hospital
2024-03-21 21:23:00,2024-03-21,14,3,Thursday,3,March,False,False,False,Hamilton_Medium_Hospital
2024-03-22 10:53:00,2024-03-22,35,4,Friday,3,March,False,False,False,Hamilton_Medium_Hospital
2024-03-23 21:15:00,2024-03-23,12,5,Saturday,3,March,True,False,False,Hamilton_Medium_Hospital
2024-03-24 10:56:00,2024-03-24,9,6,Sunday,3,March,True,False,False,Hamilton_Medium_Hospital
2024-03-25 20:05:00,2024-03-25,24,0,Monday,3,March,False,False,False,Hamilton_Medium_Hospital
2024-03-26 11:31:00,2024-03-26,14,1,Tuesday,3,March,False,False,False,Hamilton_Medium_Hospital
2024-03-27 11:48:00,2024-03-27,25,2,Wednesday,3,March,False,False,False,Hamilton_Medium_Hospital
2024-03-28 12:08:00,2024-03-28,17,3,Thursday,3,March,False,False,False,Hamilton_Medium_Hospital
2024-03-29 08:30:00,2024-03-29,14,4,Friday,3,March,False,False,False,Hamilton_Medium_Hospital
2024-03-30 12:10:00,2024-03-30,15,5,Saturday,3,March,True,False,False,Hamilton_Medium_Hospital
2024-03-31 09:55:00,2024-03-31,17,6,Sunday,3,March,True,False,False,Hamilton_Medium_Hospital
2024-04-01 14:13:00,2024-04-01,31,0,Monday,4,April,False,False,False,Hamilton_Medium_Hospital
2024-04-02 11:48:00,2024-04-02,15,1,Tuesday,4,April,False,False,False,Hamilton_Medium_Hospital
2024-04-03 12:12:00,2024-04-03,23,2,Wednesday,4,April,False,False,False,Hamilton_Medium_Hospital
2024-04-04 12:25:00,2024-04-04,16,3,Thursday,4,April,False,False,False,Hamilton_Medium_Hospital
2024-04-05 14:41:00,2024-04-05,31,4,Friday,4,April,False,False,False,Hamilton_Medium_Hospital
2024-04-06 09:57:00,2024-04-06,8,5,Saturday,4,April,True,False,False,Hamilton_Medium_Hospital
2024-04-07 19:07:00,2024-04-07,8,6,Sunday,4,April,True,False,False,Hamilton_Medium_Hospital
2024-04-08 09:04:00,2024-04-08,29,0,Monday,4,April,False,False,False,Hamilton_Medium_Hospital
2024-04-09 08:37:00,2024-04-09,13,1,Tuesday,4,April,False,False,False,Hamilton_Medium_Hospital
2024-04-10 07:37:00,2024-04-10,10,2,Wednesday,4,April,False,False,False,Hamilton_Medium_Hospital
2024-04-11 18:04:00,2024-04-11,19,3,Thursday,4,April,False,False,False,Hamilton_Medium_Hospital
2024-04-12 11:03:00,2024-04-12,20,4,Friday,4,April,False,False,False,Hamilton_Medium_Hospital
2024-04-13 12:57:00,2024-04-13,10,5,Saturday,4,April,True,False,False,Hamilton_Medium_Hospital
2024-04-14 08:32:00,2024-04-14,22,6,Sunday,4,April,True,False,True,Hamilton_Medium_Hospital
2024-04-15 10:42:00,2024-04-15,14,0,Monday,4,April,False,False,False,Hamilton_Medium_Hospital
2024-04-16 08:34:00,2024-04-16,14,1,Tuesday,4,April,False,False,False,Hamilton_Medium_Hospital
2024-04-17 16:59:00,2024-04-17,19,2,Wednesday,4,April,False,False,False,Hamilton_Medium_Hospital
2024-04-18 12:36:00,2024-04-18,15,3,Thursday,4,April,False,False,False,Hamilton_Medium_Hospital
2024-04-19 14:50:00,2024-04-19,17,4,Friday,4,April,False,False,False,Hamilton_Medium_Hospital
2024-04-20 09:26:00,2024-04-20,13,5,Saturday,4,April,True,False,False,Hamilton_Medium_Hospital
2024-04-21 19:06:00,2024-04-21,8,6,Sunday,4,April,True,False,False,Hamilton_Medium_Hospital
2024-04-22 22:22:00,2024-04-22,16,0,Monday,4,April,False,False,False,Hamilton_Medium_Hospital
2024-04-23 14:29:00,2024-04-23,15,1,Tuesday,4,April,False,False,False,Hamilton_Medium_Hospital
2024-04-24 10:03:00,2024-04-24,14,2,Wednesday,4,April,False,False,False,Hamilton_Medium_Hospital
2024-04-25 10:41:00,2024-04-25,14,3,Thursday,4,April,False,False,False,Hamilton_Medium_Hospital
2024-04-26 13:25:00,2024-04-26,26,4,Friday,4,April,False,False,False,Hamilton_Medium_Hospital
2024-04-27 09:51:00,2024-04-27,6,5,Saturday,4,April,True,False,False,Hamilton_Medium_Hospital
2024-04-28 14:15:00,2024-04-28,10,6,Sunday,4,April,True,False,False,Hamilton_Medium_Hospital
2024-04-29 20:34:00,2024-04-29,21,0,Monday,4,April,False,False,False,Hamilton_Medium_Hospital
2024-04-30 15:27:00,2024-04-30,47,1,Tuesday,4,April,False,False,False,Hamilton_Medium_Hospital
2024-05-01 16:29:00,2024-05-01,25,2,Wednesday,5,May,False,False,False,Hamilton_Medium_Hospital
2024-05-02 16:59:00,2024-05-02,13,3,Thursday,5,May,False,False,False,Hamilton_Medium_Hospital
2024-05-03 16:51:00,2024-05-03,31,4,Friday,5,May,False,False,False,Hamilton_Medium_Hospital
2024-05-04 10:35:00,2024-05-04,21,5,Saturday,5,May,True,False,False,Hamilton_Medium_Hospital
2024-05-05 13:41:00,2024-05-05,17,6,Sunday,5,May,True,False,False,Hamilton_Medium_Hospital
2024-05-06 20:53:00,2024-05-06,34,0,Monday,5,May,False,False,False,Hamilton_Medium_Hospital
2024-05-07 13:48:00,2024-05-07,20,1,Tuesday,5,May,False,False,True,Hamilton_Medium_Hospital
2024-05-08 10:10:00,2024-05-08,31,2,Wednesday,5,May,False,False,False,Hamilton_Medium_Hospital
2024-05-09 18:30:00,2024-05-09,25,3,Thursday,5,May,False,False,False,Hamilton_Medium_Hospital
2024-05-10 17:25:00,2024-05-10,21,4,Friday,5,May,False,False,False,Hamilton_Medium_Hospital
2024-05-11 15:10:00,2024-05-11,8,5,Saturday,5,May,True,False,False,Hamilton_Medium_Hospital
2024-05-12 13:24:00,2024-05-12,10,6,Sunday,5,May,True,False,False,Hamilton_Medium_Hospital
2024-05-13 11:50:00,2024-05-13,21,0,Monday,5,May,False,False,False,Hamilton_Medium_Hospital
2024-05-14 13:18:00,2024-05-14,21,1,Tuesday,5,May,False,False,False,Hamilton_Medium_Hospital
2024-05-15 20:46:00,2024-05-15,39,2,Wednesday,5,May,False,False,False,Hamilton_Medium_Hospital
2024-05-16 13:35:00,2024-05-16,14,3,Thursday,5,May,False,False,False,Hamilton_Medium_Hospital
2024-05-17 08:31:00,2024-05-17,45,4,Friday,5,May,False,False,False,Hamilton_Medium_Hospital
2024-05-18 20:18:00,2024-05-18,14,5,Saturday,5,May,True,False,False,Hamilton_Medium_Hospital
2024-05-19 11:03:00,2024-05-19,11,6,Sunday,5,May,True,False,False,Hamilton_Medium_Hospital
2024-05-20 19:34:00,2024-05-20,26,0,Monday,5,May,False,False,False,Hamilton_Medium_Hospital
2024-05-21 12:20:00,2024-05-21,13,1,Tuesday,5,May,False,False,False,Hamilton_Medium_Hospital
2024-05-22 11:37:00,2024-05-22,7,2,Wednesday,5,May,False,False,False,Hamilton_Medium_Hospital
2024-05-23 14:58:00,2024-05-23,19,3,Thursday,5,May,False,False,False,Hamilton_Medium_Hospital
2024-05-24 11:10:00,2024-05-24,40,4,Friday,5,May,False,False,False,Hamilton_Medium_Hospital
2024-05-25 19:32:00,2024-05-25,29,5,Saturday,5,May,True,False,False,Hamilton_Medium_Hospital
2024-05-26 12:11:00,2024-05-26,9,6,Sunday,5,May,True,False,False,Hamilton_Medium_Hospital
2024-05-27 12:04:00,2024-05-27,12,0,Monday,5,May,False,True,False,Hamilton_Medium_Hospital
2024-05-28 09:15:00,2024-05-28,25,1,Tuesday,5,May,False,False,False,Hamilton_Medium_Hospital
2024-05-29 09:56:00,2024-05-29,11,2,Wednesday,5,May,False,False,False,Hamilton_Medium_Hospital
2024-05-30 09:37:00,2024-05-30,16,3,Thursday,5,May,False,False,False,Hamilton_Medium_Hospital
2024-05-31 09:39:00,2024-05-31,18,4,Friday,5,May,False,False,False,Hamilton_Medium_Hospital
2024-06-01 10:42:00,2024-06-01,7,5,Saturday,6,June,True,False,False,Hamilton_Medium_Hospital
2024-06-02 09:33:00,2024-06-02,15,6,Sunday,6,June,True,False,False,Hamilton_Medium_Hospital
2024-06-03 08:16:00,2024-06-03,31,0,Monday,6,June,False,False,False,Hamilton_Medium_Hospital
2024-06-04 11:45:00,2024-06-04,21,1,Tuesday,6,June,False,False,False,Hamilton_Medium_Hospital
2024-06-05 11:16:00,2024-06-05,10,2,Wednesday,6,June,False,False,False,Hamilton_Medium_Hospital
2024-06-06 13:42:00,2024-06-06,10,3,Thursday,6,June,False,False,False,Hamilton_Medium_Hospital
2024-06-07 17:29:00,2024-06-07,30,4,Friday,6,June,False,False,False,Hamilton_Medium_Hospital
2024-06-08 19:48:00,2024-06-08,10,5,Saturday,6,June,True,False,False,Hamilton_Medium_Hospital
2024-06-09 13:00:00,2024-06-09,15,6,Sunday,6,June,True,False,False,Hamilton_Medium_Hospital
2024-06-10 14:36:00,2024-06-10,29,0,Monday,6,June,False,False,False,Hamilton_Medium_Hospital
2024-06-11 11:04:00,2024-06-11,33,1,Tuesday,6,June,False,False,False,Hamilton_Medium_Hospital
2024-06-12 13:32:00,2024-06-12,19,2,Wednesday,6,June,False,False,False,Hamilton_Medium_Hospital
2024-06-13 11:59:00,2024-06-13,18,3,Thursday,6,June,False,False,False,Hamilton_Medium_Hospital
2024-06-14 20:04:00,2024-06-14,15,4,Friday,6,June,False,False,False,Hamilton_Medium_Hospital
2024-06-15 10:23:00,2024-06-15,14,5,Saturday,6,June,True,False,False,Hamilton_Medium_Hospital
2024-06-16 16:28:00,2024-06-16,11,6,Sunday,6,June,True,False,False,Hamilton_Medium_Hospital
2024-06-17 12:45:00,2024-06-17,21,0,Monday,6,June,False,False,False,Hamilton_Medium_Hospital
2024-06-18 13:51:00,2024-06-18,29,1,Tuesday,6,June,False,False,False,Hamilton_Medium_Hospital
2024-06-19 13:00:00,2024-06-19,15,2,Wednesday,6,June,False,False,False,Hamilton_Medium_Hospital
2024-06-20 17:35:00,2024-06-20,24,3,Thursday,6,June,False,False,False,Hamilton_Medium_Hospital
2024-06-21 22:42:00,2024-06-21,26,4,Friday,6,June,False,False,False,Hamilton_Medium_Hospital
2024-06-22 21:56:00,2024-06-22,12,5,Saturday,6,June,True,False,False,Hamilton_Medium_Hospital
2024-06-23 17:07:00,2024-06-23,13,6,Sunday,6,June,True,False,False,Hamilton_Medium_Hospital
2024-06-24 08:47:00,2024-06-24,28,0,Monday,6,June,False,False,False,Hamilton_Medium_Hospital
2024-06-25 15:17:00,2024-06-25,21,1,Tuesday,6,June,False,False,False,Hamilton_Medium_Hospital
2024-06-26 13:13:00,2024-06-26,22,2,Wednesday,6,June,False,False,False,Hamilton_Medium_Hospital
2024-06-27 07:13:00,2024-06-27,18,3,Thursday,6,June,False,False,False,Hamilton_Medium_Hospital
2024-06-28 11:54:00,2024-06-28,20,4,Friday,6,June,False,False,False,Hamilton_Medium_Hospital
2024-06-29 22:31:00,2024-06-29,19,5,Saturday,6,June,True,False,False,Hamilton_Medium_Hospital
2024-06-30 08:58:00,2024-06-30,13,6,Sunday,6,June,True,False,False,Hamilton_Medium_Hospital
2024-07-01 10:05:00,2024-07-01,27,0,Monday,7,July,False,False,False,Hamilton_Medium_Hospital
2024-07-02 20:53:00,2024-07-02,24,1,Tuesday,7,July,False,False,False,Hamilton_Medium_Hospital
2024-07-03 18:00:00,2024-07-03,14,2,Wednesday,7,July,False,False,False,Hamilton_Medium_Hospital
2024-07-04 12:08:00,2024-07-04,17,3,Thursday,7,July,False,True,False,Hamilton_Medium_Hospital
2024-07-05 09:16:00,2024-07-05,23,4,Friday,7,July,False,False,False,Hamilton_Medium_Hospital
2024-07-06 15:28:00,2024-07-06,8,5,Saturday,7,July,True,False,False,Hamilton_Medium_Hospital
2024-07-07 09:27:00,2024-07-07,14,6,Sunday,7,July,True,False,False,Hamilton_Medium_Hospital
2024-07-08 18:07:00,2024-07-08,23,0,Monday,7,July,False,False,False,Hamilton_Medium_Hospital
2024-07-09 13:56:00,2024-07-09,16,1,Tuesday,7,July,False,False,False,Hamilton_Medium_Hospital
2024-07-10 12:09:00,2024-07-10,15,2,Wednesday,7,July,False,False,False,Hamilton_Medium_Hospital
2024-07-11 08:53:00,2024-07-11,11,3,Thursday,7,July,False,False,False,Hamilton_Medium_Hospital
2024-07-12 11:35:00,2024-07-12,23,4,Friday,7,July,False,False,False,Hamilton_Medium_Hospital
2024-07-13 18:08:00,2024-07-13,20,5,Saturday,7,July,True,False,False,Hamilton_Medium_Hospital
2024-07-14 14:59:00,2024-07-14,27,6,Sunday,7,July,True,False,True,Hamilton_Medium_Hospital
2024-07-15 18:55:00,2024-07-15,33,0,Monday,7,July,False,False,False,Hamilton_Medium_Hospital
2024-07-16 16:43:00,2024-07-16,32,1,Tuesday,7,July,False,False,True,Hamilton_Medium_Hospital
2024-07-17 10:06:00,2024-07-17,20,2,Wednesday,7,July,False,False,False,Hamilton_Medium_Hospital
2024-07-18 13:35:00,2024-07-18,17,3,Thursday,7,July,False,False,False,Hamilton_Medium_Hospital
2024-07-19 20:26:00,2024-07-19,19,4,Friday,7,July,False,False,False,Hamilton_Medium_Hospital
2024-07-20 13:47:00,2024-07-20,13,5,Saturday,7,July,True,False,False,Hamilton_Medium_Hospital
2024-07-21 18:59:00,2024-07-21,15,6,Sunday,7,July,True,False,False,Hamilton_Medium_Hospital
2024-07-22 16:10:00,2024-07-22,14,0,Monday,7,July,False,False,False,Hamilton_Medium_Hospital
2024-07-23 22:51:00,2024-07-23,24,1,Tuesday,7,July,False,False,False,Hamilton_Medium_Hospital
2024-07-24 14:26:00,2024-07-24,8,2,Wednesday,7,July,False,False,False,Hamilton_Medium_Hospital
2024-07-25 19:21:00,2024-07-25,16,3,Thursday,7,July,False,False,True,Hamilton_Medium_Hospital
2024-07-26 18:26:00,2024-07-26,19,4,Friday,7,July,False,False,False,Hamilton_Medium_Hospital
2024-07-27 18:55:00,2024-07-27,18,5,Saturday,7,July,True,False,False,Hamilton_Medium_Hospital
2024-07-28 09:15:00,2024-07-28,19,6,Sunday,7,July,True,False,False,Hamilton_Medium_Hospital
2024-07-29 16:50:00,2024-07-29,36,0,Monday,7,July,False,False,False,Hamilton_Medium_Hospital
2024-07-30 09:24:00,2024-07-30,17,1,Tuesday,7,July,False,False,False,Hamilton_Medium_Hospital
2024-07-31 10:54:00,2024-07-31,10,2,Wednesday,7,July,False,False,False,Hamilton_Medium_Hospital
2024-08-01 13:12:00,2024-08-01,14,3,Thursday,8,August,False,False,False,Hamilton_Medium_Hospital
2024-08-02 16:29:00,2024-08-02,33,4,Friday,8,August,False,False,False,Hamilton_Medium_Hospital
2024-08-03 13:52:00,2024-08-03,9,5,Saturday,8,August,True,False,False,Hamilton_Medium_Hospital
2024-08-04 10:14:00,2024-08-04,11,6,Sunday,8,August,True,False,False,Hamilton_Medium_Hospital
2024-08-05 11:42:00,2024-08-05,3,0,Monday,8,August,False,False,False,Hamilton_Medium_Hospital
2024-08-06 16:21:00,2024-08-06,22,1,Tuesday,8,August,False,False,False,Hamilton_Medium_Hospital
2024-08-07 07:04:00,2024-08-07,18,2,Wednesday,8,August,False,False,False,Hamilton_Medium_Hospital
2024-08-08 14:17:00,2024-08-08,8,3,Thursday,8,August,False,False,False,Hamilton_Medium_Hospital
2024-08-09 08:32:00,2024-08-09,21,4,Friday,8,August,False,False,False,Hamilton_Medium_Hospital
2024-08-10 12:53:00,2024-08-10,16,5,Saturday,8,August,True,False,False,Hamilton_Medium_Hospital
2024-08-11 10:01:00,2024-08-11,9,6,Sunday,8,August,True,False,False,Hamilton_Medium_Hospital
2024-08-12 21:16:00,2024-08-12,46,0,Monday,8,August,False,False,False,Hamilton_Medium_Hospital
2024-08-13 13:16:00,2024-08-13,17,1,Tuesday,8,August,False,False,False,Hamilton_Medium_Hospital
2024-08-14 08:22:00,2024-08-14,17,2,Wednesday,8,August,False,False,True,Hamilton_Medium_Hospital
2024-08-15 11:20:00,2024-08-15,31,3,Thursday,8,August,False,False,False,Hamilton_Medium_Hospital
2024-08-16 12:32:00,2024-08-16,28,4,Friday,8,August,False,False,False,Hamilton_Medium_Hospital
2024-08-17 10:57:00,2024-08-17,17,5,Saturday,8,August,True,False,False,Hamilton_Medium_Hospital
2024-08-18 13:16:00,2024-08-18,28,6,Sunday,8,August,True,False,False,Hamilton_Medium_Hospital
2024-08-19 21:33:00,2024-08-19,34,0,Monday,8,August,False,False,True,Hamilton_Medium_Hospital
2024-08-20 10:34:00,2024-08-20,34,1,Tuesday,8,August,False,False,False,Hamilton_Medium_Hospital
2024-08-21 09:47:00,2024-08-21,17,2,Wednesday,8,August,False,False,False,Hamilton_Medium_Hospital
2024-08-22 14:12:00,2024-08-22,42,3,Thursday,8,August,False,False,False,Hamilton_Medium_Hospital
2024-08-23 09:04:00,2024-08-23,25,4,Friday,8,August,False,False,False,Hamilton_Medium_Hospital
2024-08-24 12:58:00,2024-08-24,9,5,Saturday,8,August,True,False,False,Hamilton_Medium_Hospital
2024-08-25 07:20:00,2024-08-25,12,6,Sunday,8,August,True,False,False,Hamilton_Medium_Hospital
2024-08-26 17:07:00,2024-08-26,14,0,Monday,8,August,False,False,False,Hamilton_Medium_Hospital
2024-08-27 10:19:00,2024-08-27,18,1,Tuesday,8,August,False,False,False,Hamilton_Medium_Hospital
2024-08-28 07:42:00,2024-08-28,29,2,Wednesday,8,August,False,False,False,Hamilton_Medium_Hospital
2024-08-29 07:25:00,2024-08-29,15,3,Thursday,8,August,False,False,False,Hamilton_Medium_Hospital
2024-08-30 12:35:00,2024-08-30,15,4,Friday,8,August,False,False,False,Hamilton_Medium_Hospital
2024-08-31 09:26:00,2024-08-31,8,5,Saturday,8,August,True,False,False,Hamilton_Medium_Hospital
2024-09-01 14:24:00,2024-09-01,24,6,Sunday,9,September,True,False,False,Hamilton_Medium_Hospital
2024-09-02 12:57:00,2024-09-02,31,0,Monday,9,September,False,True,False,Hamilton_Medium_Hospital
2024-09-03 07:36:00,2024-09-03,28,1,Tuesday,9,September,False,False,False,Hamilton_Medium_Hospital
2024-09-04 11:35:00,2024-09-04,15,2,Wednesday,9,September,False,False,False,Hamilton_Medium_Hospital
2024-09-05 22:19:00,2024-09-05,14,3,Thursday,9,September,False,False,False,Hamilton_Medium_Hospital
2024-09-06 18:27:00,2024-09-06,29,4,Friday,9,September,False,False,False,Hamilton_Medium_Hospital
2024-09-07 16:38:00,2024-09-07,10,5,Saturday,9,September,True,False,False,Hamilton_Medium_Hospital
2024-09-08 13:29:00,2024-09-08,19,6,Sunday,9,September,True,False,False,Hamilton_Medium_Hospital
2024-09-09 11:43:00,2024-09-09,21,0,Monday,9,September,False,False,False,Hamilton_Medium_Hospital
2024-09-10 09:30:00,2024-09-10,12,1,Tuesday,9,September,False,False,False,Hamilton_Medium_Hospital
2024-09-11 13:50:00,2024-09-11,31,2,Wednesday,9,September,False,False,False,Hamilton_Medium_Hospital
2024-09-12 13:42:00,2024-09-12,5,3,Thursday,9,September,False,False,False,Hamilton_Medium_Hospital
2024-09-13 16:32:00,2024-09-13,18,4,Friday,9,September,False,False,False,Hamilton_Medium_Hospital
2024-09-14 12:39:00,2024-09-14,10,5,Saturday,9,September,True,False,False,Hamilton_Medium_Hospital
2024-09-15 16:52:00,2024-09-15,12,6,Sunday,9,September,True,False,False,Hamilton_Medium_Hospital
2024-09-16 14:15:00,2024-09-16,8,0,Monday,9,September,False,False,False,Hamilton_Medium_Hospital
2024-09-17 21:14:00,2024-09-17,23,1,Tuesday,9,September,False,False,False,Hamilton_Medium_Hospital
2024-09-18 16:09:00,2024-09-18,41,2,Wednesday,9,September,False,False,False,Hamilton_Medium_Hospital
2024-09-19 13:30:00,2024-09-19,19,3,Thursday,9,September,False,False,True,Hamilton_Medium_Hospital
2024-09-20 16:49:00,2024-09-20,27,4,Friday,9,September,False,False,False,Hamilton_Medium_Hospital
2024-09-21 14:26:00,2024-09-21,14,5,Saturday,9,September,True,False,False,Hamilton_Medium_Hospital
2024-09-22 15:36:00,2024-09-22,14,6,Sunday,9,September,True,False,False,Hamilton_Medium_Hospital
2024-09-23 07:44:00,2024-09-23,11,0,Monday,9,September,False,False,False,Hamilton_Medium_Hospital
2024-09-24 13:25:00,2024-09-24,25,1,Tuesday,9,September,False,False,False,Hamilton_Medium_Hospital
2024-09-25 11:41:00,2024-09-25,33,2,Wednesday,9,September,False,False,False,Hamilton_Medium_Hospital
2024-09-26 15:57:00,2024-09-26,18,3,Thursday,9,September,False,False,False,Hamilton_Medium_Hospital
2024-09-27 08:49:00,2024-09-27,26,4,Friday,9,September,False,False,False,Hamilton_Medium_Hospital
2024-09-28 18:49:00,2024-09-28,6,5,Saturday,9,September,True,False,False,Hamilton_Medium_Hospital
2024-09-29 11:11:00,2024-09-29,10,6,Sunday,9,September,True,False,False,Hamilton_Medium_Hospital
2024-09-30 13:44:00,2024-09-30,24,0,Monday,9,September,False,False,False,Hamilton_Medium_Hospital
2024-10-01 09:03:00,2024-10-01,28,1,Tuesday,10,October,False,False,False,Hamilton_Medium_Hospital
2024-10-02 14:58:00,2024-10-02,17,2,Wednesday,10,October,False,False,False,Hamilton_Medium_Hospital
2024-10-03 11:29:00,2024-10-03,26,3,Thursday,10,October,False,False,False,Hamilton_Medium_Hospital
2024-10-04 08:29:00,2024-10-04,22,4,Friday,10,October,False,False,False,Hamilton_Medium_Hospital
2024-10-05 16:35:00,2024-10-05,11,5,Saturday,10,October,True,False,False,Hamilton_Medium_Hospital
2024-10-06 11:48:00,2024-10-06,9,6,Sunday,10,October,True,False,False,Hamilton_Medium_Hospital
2024-10-07 19:39:00,2024-10-07,15,0,Monday,10,October,False,False,False,Hamilton_Medium_Hospital
2024-10-08 08:57:00,2024-10-08,17,1,Tuesday,10,October,False,False,False,Hamilton_Medium_Hospital
2024-10-09 18:53:00,2024-10-09,17,2,Wednesday,10,October,False,False,False,Hamilton_Medium_Hospital
2024-10-10 09:28:00,2024-10-10,14,3,Thursday,10,October,False,False,False,Hamilton_Medium_Hospital
2024-10-11 14:47:00,2024-10-11,23,4,Friday,10,October,False,False,False,Hamilton_Medium_Hospital
2024-10-12 13:28:00,2024-10-12,16,5,Saturday,10,October,True,False,False,Hamilton_Medium_Hospital
2024-10-13 11:15:00,2024-10-13,10,6,Sunday,10,October,True,False,False,Hamilton_Medium_Hospital
2024-10-14 10:17:00,2024-10-14,29,0,Monday,10,October,False,False,False,Hamilton_Medium_Hospital
2024-10-15 14:33:00,2024-10-15,14,1,Tuesday,10,October,False,False,False,Hamilton_Medium_Hospital
2024-10-16 16:15:00,2024-10-16,16,2,Wednesday,10,October,False,False,False,Hamilton_Medium_Hospital
2024-10-17 10:04:00,2024-10-17,7,3,Thursday,10,October,False,False,False,Hamilton_Medium_Hospital
2024-10-18 10:15:00,2024-10-18,29,4,Friday,10,October,False,False,False,Hamilton_Medium_Hospital
2024-10-19 09:20:00,2024-10-19,10,5,Saturday,10,October,True,False,False,Hamilton_Medium_Hospital
2024-10-20 17:05:00,2024-10-20,10,6,Sunday,10,October,True,False,False,Hamilton_Medium_Hospital
2024-10-21 11:14:00,2024-10-21,30,0,Monday,10,October,False,False,False,Hamilton_Medium_Hospital
2024-10-22 13:09:00,2024-10-22,21,1,Tuesday,10,October,False,False,False,Hamilton_Medium_Hospital
2024-10-23 08:04:00,2024-10-23,29,2,Wednesday,10,October,False,False,False,Hamilton_Medium_Hospital
2024-10-24 12:21:00,2024-10-24,7,3,Thursday,10,October,False,False,False,Hamilton_Medium_Hospital
2024-10-25 14:26:00,2024-10-25,44,4,Friday,10,October,False,False,False,Hamilton_Medium_Hospital
2024-10-26 15:53:00,2024-10-26,7,5,Saturday,10,October,True,False,False,Hamilton_Medium_Hospital
2024-10-27 08:57:00,2024-10-27,12,6,Sunday,10,October,True,False,False,Hamilton_Medium_Hospital
2024-10-28 10:44:00,2024-10-28,20,0,Monday,10,October,False,False,False,Hamilton_Medium_Hospital
2024-10-29 09:36:00,2024-10-29,37,1,Tuesday,10,October,False,False,True,Hamilton_Medium_Hospital
2024-10-30 15:00:00,2024-10-30,41,2,Wednesday,10,October,False,False,False,Hamilton_Medium_Hospital
2024-10-31 08:19:00,2024-10-31,21,3,Thursday,10,October,False,False,False,Hamilton_Medium_Hospital
2024-11-01 21:54:00,2024-11-01,31,4,Friday,11,November,False,False,False,Hamilton_Medium_Hospital
2024-11-02 15:53:00,2024-11-02,15,5,Saturday,11,November,True,False,False,Hamilton_Medium_Hospital
2024-11-03 09:47:00,2024-11-03,12,6,Sunday,11,November,True,False,False,Hamilton_Medium_Hospital
2024-11-04 13:51:00,2024-11-04,25,0,Monday,11,November,False,False,False,Hamilton_Medium_Hospital
2024-11-05 16:14:00,2024-11-05,20,1,Tuesday,11,November,False,False,False,Hamilton_Medium_Hospital
2024-11-06 12:17:00,2024-11-06,13,2,Wednesday,11,November,False,False,False,Hamilton_Medium_Hospital
2024-11-07 13:01:00,2024-11-07,23,3,Thursday,11,November,False,False,False,Hamilton_Medium_Hospital
2024-11-08 09:42:00,2024-11-08,36,4,Friday,11,November,False,False,False,Hamilton_Medium_Hospital
2024-11-09 17:25:00,2024-11-09,10,5,Saturday,11,November,True,False,False,Hamilton_Medium_Hospital
2024-11-10 12:53:00,2024-11-10,10,6,Sunday,11,November,True,False,False,Hamilton_Medium_Hospital
2024-11-11 15:08:00,2024-11-11,29,0,Monday,11,November,False,False,False,Hamilton_Medium_Hospital
2024-11-12 11:34:00,2024-11-12,6,1,Tuesday,11,November,False,False,False,Hamilton_Medium_Hospital
2024-11-13 09:36:00,2024-11-13,24,2,Wednesday,11,November,False,False,True,Hamilton_Medium_Hospital
2024-11-14 06:05:00,2024-11-14,26,3,Thursday,11,November,False,False,False,Hamilton_Medium_Hospital
2024-11-15 09:08:00,2024-11-15,14,4,Friday,11,November,False,False,False,Hamilton_Medium_Hospital
2024-11-16 15:11:00,2024-11-16,13,5,Saturday,11,November,True,False,False,Hamilton_Medium_Hospital
2024-11-17 06:24:00,2024-11-17,12,6,Sunday,11,November,True,False,False,Hamilton_Medium_Hospital
2024-11-18 08:29:00,2024-11-18,23,0,Monday,11,November,False,False,False,Hamilton_Medium_Hospital
2024-11-19 13:48:00,2024-11-19,8,1,Tuesday,11,November,False,False,False,Hamilton_Medium_Hospital
2024-11-20 16:17:00,2024-11-20,38,2,Wednesday,11,November,False,False,False,Hamilton_Medium_Hospital
2024-11-21 11:53:00,2024-11-21,14,3,Thursday,11,November,False,False,False,Hamilton_Medium_Hospital
2024-11-22 09:53:00,2024-11-22,18,4,Friday,11,November,False,False,False,Hamilton_Medium_Hospital
2024-11-23 15:01:00,2024-11-23,7,5,Saturday,11,November,True,False,False,Hamilton_Medium_Hospital
2024-11-24 08:03:00,2024-11-24,14,6,Sunday,11,November,True,False,False,Hamilton_Medium_Hospital
2024-11-25 13:22:00,2024-11-25,28,0,Monday,11,November,False,False,False,Hamilton_Medium_Hospital
2024-11-26 07:04:00,2024-11-26,10,1,Tuesday,11,November,False,False,False,Hamilton_Medium_Hospital
2024-11-27 10:41:00,2024-11-27,16,2,Wednesday,11,November,False,False,False,Hamilton_Medium_Hospital
2024-11-28 12:15:00,2024-11-28,20,3,Thursday,11,November,False,True,True,Hamilton_Medium_Hospital
2024-11-29 15:01:00,2024-11-29,11,4,Friday,11,November,False,True,False,Hamilton_Medium_Hospital
2024-11-30 08:15:00,2024-11-30,5,5,Saturday,11,November,True,False,False,Hamilton_Medium_Hospital
2024-12-01 19:42:00,2024-12-01,8,6,Sunday,12,December,True,False,False,Hamilton_Medium_Hospital
2024-12-02 08:13:00,2024-12-02,12,0,Monday,12,December,False,False,False,Hamilton_Medium_Hospital
2024-12-03 19:16:00,2024-12-03,3,1,Tuesday,12,December,False,False,False,Hamilton_Medium_Hospital
2024-12-04 07:10:00,2024-12-04,15,2,Wednesday,12,December,False,False,False,Hamilton_Medium_Hospital
2024-12-05 11:47:00,2024-12-05,17,3,Thursday,12,December,False,False,False,Hamilton_Medium_Hospital
2024-12-06 09:49:00,2024-12-06,20,4,Friday,12,December,False,False,False,Hamilton_Medium_Hospital
2024-12-07 08:19:00,2024-12-07,9,5,Saturday,12,December,True,False,False,Hamilton_Medium_Hospital
2024-12-08 12:01:00,2024-12-08,12,6,Sunday,12,December,True,False,False,Hamilton_Medium_Hospital
2024-12-09 08:36:00,2024-12-09,18,0,Monday,12,December,False,False,False,Hamilton_Medium_Hospital
2024-12-10 09:24:00,2024-12-10,19,1,Tuesday,12,December,False,False,False,Hamilton_Medium_Hospital
2024-12-11 12:45:00,2024-12-11,33,2,Wednesday,12,December,False,False,False,Hamilton_Medium_Hospital
2024-12-12 16:37:00,2024-12-12,17,3,Thursday,12,December,False,False,False,Hamilton_Medium_Hospital
2024-12-13 09:40:00,2024-12-13,10,4,Friday,12,December,False,False,False,Hamilton_Medium_Hospital
2024-12-14 18:44:00,2024-12-14,12,5,Saturday,12,December,True,False,False,Hamilton_Medium_Hospital
2024-12-15 22:54:00,2024-12-15,6,6,Sunday,12,December,True,False,False,Hamilton_Medium_Hospital
2024-12-16 08:51:00,2024-12-16,16,0,Monday,12,December,False,False,False,Hamilton_Medium_Hospital
2024-12-17 16:36:00,2024-12-17,17,1,Tuesday,12,December,False,False,False,Hamilton_Medium_Hospital
2024-12-18 09:22:00,2024-12-18,13,2,Wednesday,12,December,False,False,False,Hamilton_Medium_Hospital
2024-12-19 09:42:00,2024-12-19,23,3,Thursday,12,December,False,False,False,Hamilton_Medium_Hospital
2024-12-20 12:32:00,2024-12-20,41,4,Friday,12,December,False,False,False,Hamilton_Medium_Hospital
2024-12-21 09:00:00,2024-12-21,9,5,Saturday,12,December,True,False,False,Hamilton_Medium_Hospital
2024-12-22 19:52:00,2024-12-22,10,6,Sunday,12,December,True,False,False,Hamilton_Medium_Hospital
2024-12-23 17:27:00,2024-12-23,26,0,Monday,12,December,False,False,False,Hamilton_Medium_Hospital
2024-12-24 17:40:00,2024-12-24,13,1,Tuesday,12,December,False,True,False,Hamilton_Medium_Hospital
2024-12-25 17:29:00,2024-12-25,19,2,Wednesday,12,December,False,True,False,Hamilton_Medium_Hospital
2024-12-26 10:27:00,2024-12-26,16,3,Thursday,12,December,False,False,False,Hamilton_Medium_Hospital
2024-12-27 15:33:00,2024-12-27,14,4,Friday,12,December,False,False,False,Hamilton_Medium_Hospital
2024-12-28 21:17:00,2024-12-28,19,5,Saturday,12,December,True,False,False,Hamilton_Medium_Hospital
2024-12-29 10:58:00,2024-12-29,12,6,Sunday,12,December,True,False,False,Hamilton_Medium_Hospital
2024-12-30 17:30:00,2024-12-30,19,0,Monday,12,December,False,False,False,Hamilton_Medium_Hospital
2024-12-31 12:52:00,2024-12-31,16,1,Tuesday,12,December,False,True,False,Hamilton_Medium_Hospital
2025-01-01 20:17:00,2025-01-01,8,2,Wednesday,1,January,False,True,False,Hamilton_Medium_Hospital
2025-01-02 19:15:00,2025-01-02,17,3,Thursday,1,January,False,False,False,Hamilton_Medium_Hospital
2025-01-03 18:05:00,2025-01-03,23,4,Friday,1,January,False,False,False,Hamilton_Medium_Hospital
2025-01-04 07:28:00,2025-01-04,14,5,Saturday,1,January,True,False,False,Hamilton_Medium_Hospital
2025-01-05 19:29:00,2025-01-05,16,6,Sunday,1,January,True,False,False,Hamilton_Medium_Hospital
2025-01-06 21:42:00,2025-01-06,23,0,Monday,1,January,False,False,False,Hamilton_Medium_Hospital
2025-01-07 08:01:00,2025-01-07,10,1,Tuesday,1,January,False,False,False,Hamilton_Medium_Hospital
2025-01-08 10:20:00,2025-01-08,24,2,Wednesday,1,January,False,False,False,Hamilton_Medium_Hospital
2025-01-09 10:13:00,2025-01-09,17,3,Thursday,1,January,False,False,False,Hamilton_Medium_Hospital
2025-01-10 13:16:00,2025-01-10,22,4,Friday,1,January,False,False,False,Hamilton_Medium_Hospital
2025-01-11 17:56:00,2025-01-11,11,5,Saturday,1,January,True,False,False,Hamilton_Medium_Hospital
2025-01-12 19:56:00,2025-01-12,7,6,Sunday,1,January,True,False,False,Hamilton_Medium_Hospital
2025-01-13 12:00:00,2025-01-13,24,0,Monday,1,January,False,False,False,Hamilton_Medium_Hospital
2025-01-14 13:12:00,2025-01-14,20,1,Tuesday,1,January,False,False,False,Hamilton_Medium_Hospital
2025-01-15 14:46:00,2025-01-15,17,2,Wednesday,1,January,False,False,False,Hamilton_Medium_Hospital
2025-01-16 11:35:00,2025-01-16,22,3,Thursday,1,January,False,False,False,Hamilton_Medium_Hospital
2025-01-17 12:44:00,2025-01-17,37,4,Friday,1,January,False,False,False,Hamilton_Medium_Hospital
2025-01-18 11:45:00,2025-01-18,6,5,Saturday,1,January,True,False,False,Hamilton_Medium_Hospital
2025-01-19 09:50:00,2025-01-19,8,6,Sunday,1,January,True,False,False,Hamilton_Medium_Hospital
2025-01-20 12:25:00,2025-01-20,15,0,Monday,1,January,False,True,True,Hamilton_Medium_Hospital
2025-01-21 10:19:00,2025-01-21,18,1,Tuesday,1,January,False,False,False,Hamilton_Medium_Hospital
2025-01-22 13:23:00,2025-01-22,11,2,Wednesday,1,January,False,False,False,Hamilton_Medium_Hospital
2025-01-23 14:33:00,2025-01-23,20,3,Thursday,1,January,False,False,False,Hamilton_Medium_Hospital
2025-01-24 11:47:00,2025-01-24,9,4,Friday,1,January,False,False,False,Hamilton_Medium_Hospital
2025-01-25 08:22:00,2025-01-25,4,5,Saturday,1,January,True,False,False,Hamilton_Medium_Hospital
2025-01-26 11:17:00,2025-01-26,4,6,Sunday,1,January,True,False,False,Hamilton_Medium_Hospital
2025-01-27 14:14:00,2025-01-27,15,0,Monday,1,January,False,False,False,Hamilton_Medium_Hospital
2025-01-28 06:12:00,2025-01-28,17,1,Tuesday,1,January,False,False,False,Hamilton_Medium_Hospital
2025-01-29 09:47:00,2025-01-29,12,2,Wednesday,1,January,False,False,False,Hamilton_Medium_Hospital
2025-01-30 12:48:00,2025-01-30,17,3,Thursday,1,January,False,False,False,Hamilton_Medium_Hospital
2025-01-31 15:12:00,2025-01-31,16,4,Friday,1,January,False,False,False,Hamilton_Medium_Hospital
2025-02-01 11:30:00,2025-02-01,15,5,Saturday,2,February,True,False,False,Hamilton_Medium_Hospital
2025-02-02 16:37:00,2025-02-02,10,6,Sunday,2,February,True,False,False,Hamilton_Medium_Hospital
2025-02-03 13:33:00,2025-02-03,23,0,Monday,2,February,False,False,False,Hamilton_Medium_Hospital
2025-02-04 09:06:00,2025-02-04,31,1,Tuesday,2,February,False,False,False,Hamilton_Medium_Hospital
2025-02-05 08:18:00,2025-02-05,7,2,Wednesday,2,February,False,False,False,Hamilton_Medium_Hospital
2025-02-06 12:11:00,2025-02-06,8,3,Thursday,2,February,False,False,False,Hamilton_Medium_Hospital
2025-02-07 07:45:00,2025-02-07,14,4,Friday,2,February,False,False,False,Hamilton_Medium_Hospital
2025-02-08 10:17:00,2025-02-08,10,5,Saturday,2,February,True,False,False,Hamilton_Medium_Hospital
2025-02-09 13:18:00,2025-02-09,11,6,Sunday,2,February,True,False,True,Hamilton_Medium_Hospital
2025-02-10 13:08:00,2025-02-10,10,0,Monday,2,February,False,False,False,Hamilton_Medium_Hospital
2025-02-11 10:48:00,2025-02-11,11,1,Tuesday,2,February,False,False,False,Hamilton_Medium_Hospital
2025-02-12 13:55:00,2025-02-12,12,2,Wednesday,2,February,False,False,False,Hamilton_Medium_Hospital
2025-02-13 12:30:00,2025-02-13,16,3,Thursday,2,February,False,False,True,Hamilton_Medium_Hospital
2025-02-14 11:11:00,2025-02-14,24,4,Friday,2,February,False,False,False,Hamilton_Medium_Hospital
2025-02-15 09:16:00,2025-02-15,15,5,Saturday,2,February,True,False,False,Hamilton_Medium_Hospital
2025-02-16 08:30:00,2025-02-16,9,6,Sunday,2,February,True,False,False,Hamilton_Medium_Hospital
2025-02-17 20:04:00,2025-02-17,21,0,Monday,2,February,False,True,False,Hamilton_Medium_Hospital
2025-02-18 13:04:00,2025-02-18,19,1,Tuesday,2,February,False,False,False,Hamilton_Medium_Hospital
2025-02-19 15:43:00,2025-02-19,9,2,Wednesday,2,February,False,False,False,Hamilton_Medium_Hospital
2025-02-20 22:09:00,2025-02-20,20,3,Thursday,2,February,False,False,False,Hamilton_Medium_Hospital
2025-02-21 18:19:00,2025-02-21,11,4,Friday,2,February,False,False,False,Hamilton_Medium_Hospital
2025-02-22 12:15:00,2025-02-22,19,5,Saturday,2,February,True,False,False,Hamilton_Medium_Hospital
2025-02-23 09:48:00,2025-02-23,4,6,Sunday,2,February,True,False,False,Hamilton_Medium_Hospital
2025-02-24 15:38:00,2025-02-24,18,0,Monday,2,February,False,False,False,Hamilton_Medium_Hospital
2025-02-25 17:14:00,2025-02-25,27,1,Tuesday,2,February,False,False,False,Hamilton_Medium_Hospital
2025-02-26 11:24:00,2025-02-26,7,2,Wednesday,2,February,False,False,False,Hamilton_Medium_Hospital
2025-02-27 16:28:00,2025-02-27,16,3,Thursday,2,February,False,False,False,Hamilton_Medium_Hospital
2025-02-28 16:37:00,2025-02-28,11,4,Friday,2,February,False,False,False,Hamilton_Medium_Hospital
2025-03-01 11:19:00,2025-03-01,8,5,Saturday,3,March,True,False,False,Hamilton_Medium_Hospital
2025-03-02 10:03:00,2025-03-02,8,6,Sunday,3,March,True,False,False,Hamilton_Medium_Hospital
2025-03-03 21:47:00,2025-03-03,11,0,Monday,3,March,False,False,False,Hamilton_Medium_Hospital
2025-03-04 16:48:00,2025-03-04,12,1,Tuesday,3,March,False,False,False,Hamilton_Medium_Hospital
2025-03-05 16:13:00,2025-03-05,26,2,Wednesday,3,March,False,False,False,Hamilton_Medium_Hospital
2025-03-06 08:05:00,2025-03-06,13,3,Thursday,3,March,False,False,False,Hamilton_Medium_Hospital
2025-03-07 12:11:00,2025-03-07,1,4,Friday,3,March,False,False,False,Hamilton_Medium_Hospital
2025-03-08 08:10:00,2025-03-08,13,5,Saturday,3,March,True,False,False,Hamilton_Medium_Hospital
2025-03-09 10:38:00,2025-03-09,15,6,Sunday,3,March,True,False,True,Hamilton_Medium_Hospital
2025-03-10 21:02:00,2025-03-10,29,0,Monday,3,March,False,False,False,Hamilton_Medium_Hospital
2025-03-11 11:45:00,2025-03-11,24,1,Tuesday,3,March,False,False,False,Hamilton_Medium_Hospital
2025-03-12 14:55:00,2025-03-12,22,2,Wednesday,3,March,False,False,False,Hamilton_Medium_Hospital
2025-03-13 08:43:00,2025-03-13,27,3,Thursday,3,March,False,False,False,Hamilton_Medium_Hospital
2025-03-14 12:16:00,2025-03-14,23,4,Friday,3,March,False,False,False,Hamilton_Medium_Hospital
2025-03-15 11:40:00,2025-03-15,17,5,Saturday,3,March,True,False,False,Hamilton_Medium_Hospital
2025-03-16 17:51:00,2025-03-16,10,6,Sunday,3,March,True,False,False,Hamilton_Medium_Hospital
2025-03-17 18:27:00,2025-03-17,20,0,Monday,3,March,False,False,False,Hamilton_Medium_Hospital
2025-03-18 14:14:00,2025-03-18,21,1,Tuesday,3,March,False,False,False,Hamilton_Medium_Hospital
2025-03-19 11:58:00,2025-03-19,10,2,Wednesday,3,March,False,False,False,Hamilton_Medium_Hospital
2025-03-20 08:09:00,2025-03-20,10,3,Thursday,3,March,False,False,False,Hamilton_Medium_Hospital
2025-03-21 17:10:00,2025-03-21,25,4,Friday,3,March,False,False,False,Hamilton_Medium_Hospital
2025-03-22 13:38:00,2025-03-22,10,5,Saturday,3,March,True,False,False,Hamilton_Medium_Hospital
2025-03-23 10:36:00,2025-03-23,8,6,Sunday,3,March,True,False,False,Hamilton_Medium_Hospital
2025-03-24 06:28:00,2025-03-24,42,0,Monday,3,March,False,False,False,Hamilton_Medium_Hospital
2025-03-25 10:44:00,2025-03-25,30,1,Tuesday,3,March,False,False,False,Hamilton_Medium_Hospital
2025-03-26 10:25:00,2025-03-26,17,2,Wednesday,3,March,False,False,False,Hamilton_Medium_Hospital
2025-03-27 12:32:00,2025-03-27,34,3,Thursday,3,March,False,False,False,Hamilton_Medium_Hospital
2025-03-28 11:28:00,2025-03-28,14,4,Friday,3,March,False,False,False,Hamilton_Medium_Hospital
2025-03-29 13:02:00,2025-03-29,6,5,Saturday,3,March,True,False,False,Hamilton_Medium_Hospital
2025-03-30 11:47:00,2025-03-30,17,6,Sunday,3,March,True,False,False,Hamilton_Medium_Hospital
2025-03-31 19:16:00,2025-03-31,24,0,Monday,3,March,False,False,False,Hamilton_Medium_Hospital
2025-04-01 09:43:00,2025-04-01,28,1,Tuesday,4,April,False,False,True,Hamilton_Medium_Hospital
2025-04-02 10:36:00,2025-04-02,8,2,Wednesday,4,April,False,False,False,Hamilton_Medium_Hospital
2025-04-03 09:01:00,2025-04-03,16,3,Thursday,4,April,False,False,False,Hamilton_Medium_Hospital
2025-04-04 17:43:00,2025-04-04,25,4,Friday,4,April,False,False,False,Hamilton_Medium_Hospital
2025-04-05 13:36:00,2025-04-05,8,5,Saturday,4,April,True,False,False,Hamilton_Medium_Hospital
2025-04-06 19:30:00,2025-04-06,16,6,Sunday,4,April,True,False,True,Hamilton_Medium_Hospital
2025-04-07 15:28:00,2025-04-07,16,0,Monday,4,April,False,False,False,Hamilton_Medium_Hospital
2025-04-08 09:11:00,2025-04-08,22,1,Tuesday,4,April,False,False,False,Hamilton_Medium_Hospital
2025-04-09 09:27:00,2025-04-09,26,2,Wednesday,4,April,False,False,False,Hamilton_Medium_Hospital
2025-04-10 17:31:00,2025-04-10,16,3,Thursday,4,April,False,False,False,Hamilton_Medium_Hospital
2025-04-11 10:30:00,2025-04-11,20,4,Friday,4,April,False,False,False,Hamilton_Medium_Hospital
2025-04-12 15:21:00,2025-04-12,12,5,Saturday,4,April,True,False,False,Hamilton_Medium_Hospital
2025-04-13 09:06:00,2025-04-13,6,6,Sunday,4,April,True,False,False,Hamilton_Medium_Hospital
2025-04-14 21:21:00,2025-04-14,33,0,Monday,4,April,False,False,False,Hamilton_Medium_Hospital
2025-04-15 10:31:00,2025-04-15,12,1,Tuesday,4,April,False,False,False,Hamilton_Medium_Hospital
2025-04-16 16:25:00,2025-04-16,41,2,Wednesday,4,April,False,False,False,Hamilton_Medium_Hospital
2025-04-17 11:35:00,2025-04-17,17,3,Thursday,4,April,False,False,False,Hamilton_Medium_Hospital
2025-04-18 07:16:00,2025-04-18,14,4,Friday,4,April,False,False,True,Hamilton_Medium_Hospital
2025-04-19 11:49:00,2025-04-19,15,5,Saturday,4,April,True,False,False,Hamilton_Medium_Hospital
2025-04-20 10:32:00,2025-04-20,7,6,Sunday,4,April,True,False,False,Hamilton_Medium_Hospital
2025-04-21 14:00:00,2025-04-21,32,0,Monday,4,April,False,False,False,Hamilton_Medium_Hospital
2025-04-22 15:34:00,2025-04-22,21,1,Tuesday,4,April,False,False,False,Hamilton_Medium_Hospital
2025-04-23 19:03:00,2025-04-23,16,2,Wednesday,4,April,False,False,False,Hamilton_Medium_Hospital
2025-04-24 13:23:00,2025-04-24,17,3,Thursday,4,April,False,False,False,Hamilton_Medium_Hospital
2025-04-25 13:31:00,2025-04-25,25,4,Friday,4,April,False,False,False,Hamilton_Medium_Hospital
2025-04-26 08:48:00,2025-04-26,17,5,Saturday,4,April,True,False,False,Hamilton_Medium_Hospital
2025-04-27 20:17:00,2025-04-27,7,6,Sunday,4,April,True,False,False,Hamilton_Medium_Hospital
2025-04-28 14:59:00,2025-04-28,22,0,Monday,4,April,False,False,False,Hamilton_Medium_Hospital
2025-04-29 16:56:00,2025-04-29,33,1,Tuesday,4,April,False,False,False,Hamilton_Medium_Hospital
2025-04-30 13:07:00,2025-04-30,18,2,Wednesday,4,April,False,False,False,Hamilton_Medium_Hospital
2025-05-01 09:51:00,2025-05-01,18,3,Thursday,5,May,False,False,True,Hamilton_Medium_Hospital
2025-05-02 10:10:00,2025-05-02,43,4,Friday,5,May,False,False,False,Hamilton_Medium_Hospital
2025-05-03 21:00:00,2025-05-03,19,5,Saturday,5,May,True,False,False,Hamilton_Medium_Hospital
2025-05-04 16:05:00,2025-05-04,16,6,Sunday,5,May,True,False,False,Hamilton_Medium_Hospital
2025-05-05 18:53:00,2025-05-05,15,0,Monday,5,May,False,False,False,Hamilton_Medium_Hospital
2025-05-06 16:29:00,2025-05-06,23,1,Tuesday,5,May,False,False,False,Hamilton_Medium_Hospital
2025-05-07 17:41:00,2025-05-07,15,2,Wednesday,5,May,False,False,False,Hamilton_Medium_Hospital
2025-05-08 11:31:00,2025-05-08,14,3,Thursday,5,May,False,False,False,Hamilton_Medium_Hospital
2025-05-09 11:18:00,2025-05-09,20,4,Friday,5,May,False,False,False,Hamilton_Medium_Hospital
2025-05-10 11:17:00,2025-05-10,9,5,Saturday,5,May,True,False,False,Hamilton_Medium_Hospital
2025-05-11 22:30:00,2025-05-11,6,6,Sunday,5,May,True,False,False,Hamilton_Medium_Hospital
2025-05-12 11:15:00,2025-05-12,34,0,Monday,5,May,False,False,False,Hamilton_Medium_Hospital
2025-05-13 11:09:00,2025-05-13,19,1,Tuesday,5,May,False,False,False,Hamilton_Medium_Hospital
2025-05-14 10:58:00,2025-05-14,11,2,Wednesday,5,May,False,False,False,Hamilton_Medium_Hospital
2025-05-15 21:47:00,2025-05-15,7,3,Thursday,5,May,False,False,False,Hamilton_Medium_Hospital
2025-05-16 10:55:00,2025-05-16,20,4,Friday,5,May,False,False,False,Hamilton_Medium_Hospital
2025-05-17 14:49:00,2025-05-17,19,5,Saturday,5,May,True,False,False,Hamilton_Medium_Hospital
2025-05-18 18:26:00,2025-05-18,14,6,Sunday,5,May,True,False,False,Hamilton_Medium_Hospital
2025-05-19 20:50:00,2025-05-19,21,0,Monday,5,May,False,False,False,Hamilton_Medium_Hospital
2025-05-20 14:52:00,2025-05-20,26,1,Tuesday,5,May,False,False,False,Hamilton_Medium_Hospital
2025-05-21 21:53:00,2025-05-21,25,2,Wednesday,5,May,False,False,True,Hamilton_Medium_Hospital
2025-05-22 12:42:00,2025-05-22,18,3,Thursday,5,May,False,False,False,Hamilton_Medium_Hospital
2025-05-23 12:09:00,2025-05-23,18,4,Friday,5,May,False,False,False,Hamilton_Medium_Hospital
2025-05-24 08:30:00,2025-05-24,17,5,Saturday,5,May,True,False,False,Hamilton_Medium_Hospital
2025-05-25 06:35:00,2025-05-25,24,6,Sunday,5,May,True,False,False,Hamilton_Medium_Hospital
2025-05-26 12:24:00,2025-05-26,9,0,Monday,5,May,False,True,False,Hamilton_Medium_Hospital
2025-05-27 08:20:00,2025-05-27,19,1,Tuesday,5,May,False,False,False,Hamilton_Medium_Hospital
2025-05-28 13:44:00,2025-05-28,22,2,Wednesday,5,May,False,False,False,Hamilton_Medium_Hospital
2025-05-29 08:24:00,2025-05-29,25,3,Thursday,5,May,False,False,False,Hamilton_Medium_Hospital
2025-05-30 11:49:00,2025-05-30,27,4,Friday,5,May,False,False,False,Hamilton_Medium_Hospital
2025-05-31 12:20:00,2025-05-31,13,5,Saturday,5,May,True,False,False,Hamilton_Medium_Hospital
2025-06-01 14:45:00,2025-06-01,7,6,Sunday,6,June,True,False,False,Hamilton_Medium_Hospital
2025-06-02 07:24:00,2025-06-02,21,0,Monday,6,June,False,False,False,Hamilton_Medium_Hospital
2025-06-03 08:42:00,2025-06-03,21,1,Tuesday,6,June,False,False,False,Hamilton_Medium_Hospital
2025-06-04 09:41:00,2025-06-04,6,2,Wednesday,6,June,False,False,False,Hamilton_Medium_Hospital
2025-06-05 10:31:00,2025-06-05,28,3,Thursday,6,June,False,False,False,Hamilton_Medium_Hospital
2025-06-06 13:08:00,2025-06-06,20,4,Friday,6,June,False,False,False,Hamilton_Medium_Hospital
2025-06-07 19:37:00,2025-06-07,10,5,Saturday,6,June,True,False,False,Hamilton_Medium_Hospital
2025-06-08 12:06:00,2025-06-08,7,6,Sunday,6,June,True,False,False,Hamilton_Medium_Hospital
2025-06-09 17:28:00,2025-06-09,18,0,Monday,6,June,False,False,False,Hamilton_Medium_Hospital
2025-06-10 13:58:00,2025-06-10,19,1,Tuesday,6,June,False,False,False,Hamilton_Medium_Hospital
2025-06-11 08:46:00,2025-06-11,25,2,Wednesday,6,June,False,False,False,Hamilton_Medium_Hospital
2025-06-12 09:55:00,2025-06-12,17,3,Thursday,6,June,False,False,False,Hamilton_Medium_Hospital
2025-06-13 13:09:00,2025-06-13,13,4,Friday,6,June,False,False,False,Hamilton_Medium_Hospital
2025-06-14 10:50:00,2025-06-14,3,5,Saturday,6,June,True,False,False,Hamilton_Medium_Hospital
2025-06-15 14:21:00,2025-06-15,17,6,Sunday,6,June,True,False,False,Hamilton_Medium_Hospital
2025-06-16 11:25:00,2025-06-16,29,0,Monday,6,June,False,False,False,Hamilton_Medium_Hospital
2025-06-17 08:54:00,2025-06-17,16,1,Tuesday,6,June,False,False,False,Hamilton_Medium_Hospital
2025-06-18 09:43:00,2025-06-18,19,2,Wednesday,6,June,False,False,False,Hamilton_Medium_Hospital
2025-06-19 06:24:00,2025-06-19,25,3,Thursday,6,June,False,False,False,Hamilton_Medium_Hospital
2025-06-20 13:40:00,2025-06-20,11,4,Friday,6,June,False,False,False,Hamilton_Medium_Hospital
2025-06-21 17:48:00,2025-06-21,20,5,Saturday,6,June,True,False,False,Hamilton_Medium_Hospital
2025-06-22 16:34:00,2025-06-22,17,6,Sunday,6,June,True,False,False,Hamilton_Medium_Hospital
2025-06-23 08:40:00,2025-06-23,24,0,Monday,6,June,False,False,True,Hamilton_Medium_Hospital
2025-06-24 18:18:00,2025-06-24,14,1,Tuesday,6,June,False,False,False,Hamilton_Medium_Hospital
2025-06-25 16:47:00,2025-06-25,15,2,Wednesday,6,June,False,False,False,Hamilton_Medium_Hospital
2025-06-26 11:06:00,2025-06-26,7,3,Thursday,6,June,False,False,False,Hamilton_Medium_Hospital
2025-06-27 09:45:00,2025-06-27,40,4,Friday,6,June,False,False,False,Hamilton_Medium_Hospital
2025-06-28 16:28:00,2025-06-28,12,5,Saturday,6,June,True,False,False,Hamilton_Medium_Hospital
2025-06-29 16:19:00,2025-06-29,16,6,Sunday,6,June,True,False,False,Hamilton_Medium_Hospital
2025-06-30 09:02:00,2025-06-30,37,0,Monday,6,June,False,False,False,Hamilton_Medium_Hospital
2025-07-01 19:03:00,2025-07-01,22,1,Tuesday,7,July,False,False,False,Hamilton_Medium_Hospital
2025-07-02 18:23:00,2025-07-02,33,2,Wednesday,7,July,False,False,False,Hamilton_Medium_Hospital
2025-07-03 10:15:00,2025-07-03,33,3,Thursday,7,July,False,False,False,Hamilton_Medium_Hospital
2025-07-04 09:36:00,2025-07-04,22,4,Friday,7,July,False,True,False,Hamilton_Medium_Hospital
2025-07-05 14:11:00,2025-07-05,14,5,Saturday,7,July,True,False,False,Hamilton_Medium_Hospital
2025-07-06 16:05:00,2025-07-06,16,6,Sunday,7,July,True,False,False,Hamilton_Medium_Hospital
2025-07-07 10:24:00,2025-07-07,38,0,Monday,7,July,False,False,False,Hamilton_Medium_Hospital
2025-07-08 09:15:00,2025-07-08,10,1,Tuesday,7,July,False,False,False,Hamilton_Medium_Hospital
2025-07-09 15:37:00,2025-07-09,15,2,Wednesday,7,July,False,False,False,Hamilton_Medium_Hospital
2025-07-10 07:29:00,2025-07-10,22,3,Thursday,7,July,False,False,False,Hamilton_Medium_Hospital
2025-07-11 19:29:00,2025-07-11,27,4,Friday,7,July,False,False,False,Hamilton_Medium_Hospital
2025-07-12 08:00:00,2025-07-12,13,5,Saturday,7,July,True,False,False,Hamilton_Medium_Hospital
2025-07-13 11:29:00,2025-07-13,15,6,Sunday,7,July,True,False,False,Hamilton_Medium_Hospital
2025-07-14 10:43:00,2025-07-14,19,0,Monday,7,July,False,False,False,Hamilton_Medium_Hospital
2025-07-15 15:04:00,2025-07-15,17,1,Tuesday,7,July,False,False,False,Hamilton_Medium_Hospital
2025-07-16 13:22:00,2025-07-16,31,2,Wednesday,7,July,False,False,False,Hamilton_Medium_Hospital
2025-07-17 14:19:00,2025-07-17,31,3,Thursday,7,July,False,False,False,Hamilton_Medium_Hospital
2025-07-18 20:27:00,2025-07-18,19,4,Friday,7,July,False,False,False,Hamilton_Medium_Hospital
2025-07-19 13:29:00,2025-07-19,15,5,Saturday,7,July,True,False,False,Hamilton_Medium_Hospital
2025-07-20 14:12:00,2025-07-20,15,6,Sunday,7,July,True,False,False,Hamilton_Medium_Hospital
2025-07-21 14:54:00,2025-07-21,25,0,Monday,7,July,False,False,False,Hamilton_Medium_Hospital
2025-07-22 14:15:00,2025-07-22,16,1,Tuesday,7,July,False,False,False,Hamilton_Medium_Hospital
2025-07-23 17:22:00,2025-07-23,12,2,Wednesday,7,July,False,False,False,Hamilton_Medium_Hospital
2025-07-24 17:44:00,2025-07-24,24,3,Thursday,7,July,False,False,False,Hamilton_Medium_Hospital
2025-07-25 10:53:00,2025-07-25,10,4,Friday,7,July,False,False,False,Hamilton_Medium_Hospital
2025-07-26 11:17:00,2025-07-26,32,5,Saturday,7,July,True,False,False,Hamilton_Medium_Hospital
2025-07-27 18:49:00,2025-07-27,17,6,Sunday,7,July,True,False,True,Hamilton_Medium_Hospital
2025-07-28 10:03:00,2025-07-28,14,0,Monday,7,July,False,False,False,Hamilton_Medium_Hospital
2025-07-29 11:47:00,2025-07-29,30,1,Tuesday,7,July,False,False,False,Hamilton_Medium_Hospital
2025-07-30 08:57:00,2025-07-30,12,2,Wednesday,7,July,False,False,False,Hamilton_Medium_Hospital
2025-07-31 09:49:00,2025-07-31,12,3,Thursday,7,July,False,False,False,Hamilton_Medium_Hospital
2025-08-01 10:38:00,2025-08-01,30,4,Friday,8,August,False,False,False,Hamilton_Medium_Hospital
2025-08-02 10:14:00,2025-08-02,8,5,Saturday,8,August,True,False,False,Hamilton_Medium_Hospital
2025-08-03 09:39:00,2025-08-03,19,6,Sunday,8,August,True,False,False,Hamilton_Medium_Hospital
2025-08-04 08:48:00,2025-08-04,23,0,Monday,8,August,False,False,False,Hamilton_Medium_Hospital
2025-08-05 16:42:00,2025-08-05,19,1,Tuesday,8,August,False,False,False,Hamilton_Medium_Hospital
2025-08-06 10:08:00,2025-08-06,14,2,Wednesday,8,August,False,False,False,Hamilton_Medium_Hospital
2025-08-07 10:57:00,2025-08-07,7,3,Thursday,8,August,False,False,False,Hamilton_Medium_Hospital
2025-08-08 16:02:00,2025-08-08,15,4,Friday,8,August,False,False,False,Hamilton_Medium_Hospital
2025-08-09 17:28:00,2025-08-09,9,5,Saturday,8,August,True,False,False,Hamilton_Medium_Hospital
2025-08-10 13:08:00,2025-08-10,9,6,Sunday,8,August,True,False,True,Hamilton_Medium_Hospital
2025-08-11 13:18:00,2025-08-11,16,0,Monday,8,August,False,False,False,Hamilton_Medium_Hospital
2025-08-12 21:26:00,2025-08-12,14,1,Tuesday,8,August,False,False,False,Hamilton_Medium_Hospital
2025-08-13 16:08:00,2025-08-13,9,2,Wednesday,8,August,False,False,False,Hamilton_Medium_Hospital
2025-08-14 09:56:00,2025-08-14,10,3,Thursday,8,August,False,False,False,Hamilton_Medium_Hospital
2025-08-15 10:33:00,2025-08-15,26,4,Friday,8,August,False,False,False,Hamilton_Medium_Hospital
2025-08-16 11:17:00,2025-08-16,11,5,Saturday,8,August,True,False,False,Hamilton_Medium_Hospital
2025-08-17 07:16:00,2025-08-17,18,6,Sunday,8,August,True,False,False,Hamilton_Medium_Hospital
2025-08-18 12:30:00,2025-08-18,21,0,Monday,8,August,False,False,False,Hamilton_Medium_Hospital
2025-08-19 11:18:00,2025-08-19,11,1,Tuesday,8,August,False,False,False,Hamilton_Medium_Hospital
2025-08-20 09:21:00,2025-08-20,11,2,Wednesday,8,August,False,False,False,Hamilton_Medium_Hospital
2025-08-21 19:29:00,2025-08-21,29,3,Thursday,8,August,False,False,False,Hamilton_Medium_Hospital
2025-08-22 09:09:00,2025-08-22,24,4,Friday,8,August,False,False,False,Hamilton_Medium_Hospital
2025-08-23 07:14:00,2025-08-23,35,5,Saturday,8,August,True,False,False,Hamilton_Medium_Hospital
2025-08-24 11:46:00,2025-08-24,9,6,Sunday,8,August,True,False,False,Hamilton_Medium_Hospital
2025-08-25 08:25:00,2025-08-25,21,0,Monday,8,August,False,False,False,Hamilton_Medium_Hospital
2025-08-26 06:51:00,2025-08-26,14,1,Tuesday,8,August,False,False,False,Hamilton_Medium_Hospital
2025-08-27 10:05:00,2025-08-27,24,2,Wednesday,8,August,False,False,False,Hamilton_Medium_Hospital
2025-08-28 14:00:00,2025-08-28,14,3,Thursday,8,August,False,False,False,Hamilton_Medium_Hospital
2025-08-29 21:07:00,2025-08-29,18,4,Friday,8,August,False,False,False,Hamilton_Medium_Hospital
2025-08-30 08:43:00,2025-08-30,15,5,Saturday,8,August,True,False,False,Hamilton_Medium_Hospital
2025-08-31 17:16:00,2025-08-31,17,6,Sunday,8,August,True,False,False,Hamilton_Medium_Hospital
2025-09-01 13:52:00,2025-09-01,13,0,Monday,9,September,False,True,False,Hamilton_Medium_Hospital
2025-09-02 12:23:00,2025-09-02,21,1,Tuesday,9,September,False,False,False,Hamilton_Medium_Hospital
2025-09-03 16:14:00,2025-09-03,28,2,Wednesday,9,September,False,False,False,Hamilton_Medium_Hospital
2025-09-04 09:39:00,2025-09-04,13,3,Thursday,9,September,False,False,False,Hamilton_Medium_Hospital
2025-09-05 14:35:00,2025-09-05,22,4,Friday,9,September,False,False,False,Hamilton_Medium_Hospital
2025-09-06 11:39:00,2025-09-06,16,5,Saturday,9,September,True,False,False,Hamilton_Medium_Hospital
2025-09-07 10:04:00,2025-09-07,21,6,Sunday,9,September,True,False,False,Hamilton_Medium_Hospital
2025-09-08 12:29:00,2025-09-08,15,0,Monday,9,September,False,False,False,Hamilton_Medium_Hospital
2025-09-09 20:19:00,2025-09-09,30,1,Tuesday,9,September,False,False,False,Hamilton_Medium_Hospital
2025-09-10 19:07:00,2025-09-10,20,2,Wednesday,9,September,False,False,False,Hamilton_Medium_Hospital
2025-09-11 13:02:00,2025-09-11,9,3,Thursday,9,September,False,False,False,Hamilton_Medium_Hospital
2025-09-12 09:31:00,2025-09-12,16,4,Friday,9,September,False,False,False,Hamilton_Medium_Hospital
2025-09-13 14:15:00,2025-09-13,5,5,Saturday,9,September,True,False,False,Hamilton_Medium_Hospital
2025-09-14 10:08:00,2025-09-14,12,6,Sunday,9,September,True,False,False,Hamilton_Medium_Hospital
2025-09-15 12:23:00,2025-09-15,9,0,Monday,9,September,False,False,False,Hamilton_Medium_Hospital
2025-09-16 16:47:00,2025-09-16,22,1,Tuesday,9,September,False,False,False,Hamilton_Medium_Hospital
2025-09-17 08:34:00,2025-09-17,14,2,Wednesday,9,September,False,False,False,Hamilton_Medium_Hospital
2025-09-18 07:47:00,2025-09-18,29,3,Thursday,9,September,False,False,False,Hamilton_Medium_Hospital
2025-09-19 13:56:00,2025-09-19,7,4,Friday,9,September,False,False,False,Hamilton_Medium_Hospital
2025-09-20 11:06:00,2025-09-20,11,5,Saturday,9,September,True,False,False,Hamilton_Medium_Hospital
2025-09-21 08:39:00,2025-09-21,6,6,Sunday,9,September,True,False,False,Hamilton_Medium_Hospital
2025-09-22 17:17:00,2025-09-22,21,0,Monday,9,September,False,False,False,Hamilton_Medium_Hospital
2025-09-23 10:28:00,2025-09-23,35,1,Tuesday,9,September,False,False,True,Hamilton_Medium_Hospital
2025-09-24 11:15:00,2025-09-24,17,2,Wednesday,9,September,False,False,False,Hamilton_Medium_Hospital
2025-09-25 17:06:00,2025-09-25,18,3,Thursday,9,September,False,False,False,Hamilton_Medium_Hospital
2025-09-26 17:23:00,2025-09-26,42,4,Friday,9,September,False,False,False,Hamilton_Medium_Hospital
2025-09-27 10:41:00,2025-09-27,5,5,Saturday,9,September,True,False,False,Hamilton_Medium_Hospital
2025-09-28 11:25:00,2025-09-28,8,6,Sunday,9,September,True,False,False,Hamilton_Medium_Hospital
2025-09-29 10:07:00,2025-09-29,25,0,Monday,9,September,False,False,False,Hamilton_Medium_Hospital
2025-09-30 08:52:00,2025-09-30,27,1,Tuesday,9,September,False,False,False,Hamilton_Medium_Hospital
2025-10-01 09:42:00,2025-10-01,12,2,Wednesday,10,October,False,False,False,Hamilton_Medium_Hospital
2025-10-02 19:40:00,2025-10-02,20,3,Thursday,10,October,False,False,False,Hamilton_Medium_Hospital
2025-10-03 10:01:00,2025-10-03,20,4,Friday,10,October,False,False,False,Hamilton_Medium_Hospital
2025-10-04 18:21:00,2025-10-04,6,5,Saturday,10,October,True,False,False,Hamilton_Medium_Hospital
2025-10-05 13:08:00,2025-10-05,10,6,Sunday,10,October,True,False,False,Hamilton_Medium_Hospital
2025-10-06 07:13:00,2025-10-06,29,0,Monday,10,October,False,False,False,Hamilton_Medium_Hospital
2025-10-07 09:48:00,2025-10-07,12,1,Tuesday,10,October,False,False,False,Hamilton_Medium_Hospital
2025-10-08 11:37:00,2025-10-08,20,2,Wednesday,10,October,False,False,False,Hamilton_Medium_Hospital
2025-10-09 11:55:00,2025-10-09,22,3,Thursday,10,October,False,False,False,Hamilton_Medium_Hospital
2025-10-10 13:49:00,2025-10-10,17,4,Friday,10,October,False,False,False,Hamilton_Medium_Hospital
2025-10-11 11:57:00,2025-10-11,10,5,Saturday,10,October,True,False,False,Hamilton_Medium_Hospital
2025-10-12 07:17:00,2025-10-12,17,6,Sunday,10,October,True,False,False,Hamilton_Medium_Hospital
2025-10-13 18:09:00,2025-10-13,33,0,Monday,10,October,False,False,False,Hamilton_Medium_Hospital
2025-10-14 11:34:00,2025-10-14,13,1,Tuesday,10,October,False,False,False,Hamilton_Medium_Hospital
2025-10-15 11:11:00,2025-10-15,25,2,Wednesday,10,October,False,False,False,Hamilton_Medium_Hospital
2025-10-16 14:55:00,2025-10-16,15,3,Thursday,10,October,False,False,False,Hamilton_Medium_Hospital
2025-10-17 18:50:00,2025-10-17,27,4,Friday,10,October,False,False,True,Hamilton_Medium_Hospital
2025-10-18 11:37:00,2025-10-18,11,5,Saturday,10,October,True,False,False,Hamilton_Medium_Hospital
2025-10-19 18:11:00,2025-10-19,6,6,Sunday,10,October,True,False,False,Hamilton_Medium_Hospital
2025-10-20 15:08:00,2025-10-20,12,0,Monday,10,October,False,False,False,Hamilton_Medium_Hospital
2025-10-21 10:33:00,2025-10-21,26,1,Tuesday,10,October,False,False,False,Hamilton_Medium_Hospital
2025-10-22 14:04:00,2025-10-22,17,2,Wednesday,10,October,False,False,False,Hamilton_Medium_Hospital
2025-10-23 13:49:00,2025-10-23,8,3,Thursday,10,October,False,False,False,Hamilton_Medium_Hospital
2025-10-24 20:37:00,2025-10-24,32,4,Friday,10,October,False,False,False,Hamilton_Medium_Hospital
2025-10-25 07:32:00,2025-10-25,6,5,Saturday,10,October,True,False,False,Hamilton_Medium_Hospital
2025-10-26 13:39:00,2025-10-26,6,6,Sunday,10,October,True,False,False,Hamilton_Medium_Hospital
2025-10-27 19:55:00,2025-10-27,22,0,Monday,10,October,False,False,True,Hamilton_Medium_Hospital
2025-10-28 10:19:00,2025-10-28,14,1,Tuesday,10,October,False,False,False,Hamilton_Medium_Hospital
2025-10-29 14:01:00,2025-10-29,37,2,Wednesday,10,October,False,False,False,Hamilton_Medium_Hospital
2025-10-30 10:30:00,2025-10-30,17,3,Thursday,10,October,False,False,False,Hamilton_Medium_Hospital
2025-10-31 15:27:00,2025-10-31,26,4,Friday,10,October,False,False,False,Hamilton_Medium_Hospital
2025-11-01 11:31:00,2025-11-01,9,5,Saturday,11,November,True,False,False,Hamilton_Medium_Hospital
2025-11-02 08:28:00,2025-11-02,11,6,Sunday,11,November,True,False,False,Hamilton_Medium_Hospital
2025-11-03 10:05:00,2025-11-03,24,0,Monday,11,November,False,False,False,Hamilton_Medium_Hospital
2025-11-04 13:09:00,2025-11-04,20,1,Tuesday,11,November,False,False,False,Hamilton_Medium_Hospital
2025-11-05 10:17:00,2025-11-05,17,2,Wednesday,11,November,False,False,False,Hamilton_Medium_Hospital
2025-11-06 18:37:00,2025-11-06,15,3,Thursday,11,November,False,False,False,Hamilton_Medium_Hospital
2025-11-07 10:20:00,2025-11-07,18,4,Friday,11,November,False,False,False,Hamilton_Medium_Hospital
2025-11-08 09:38:00,2025-11-08,10,5,Saturday,11,November,True,False,False,Hamilton_Medium_Hospital
2025-11-09 10:29:00,2025-11-09,7,6,Sunday,11,November,True,False,False,Hamilton_Medium_Hospital
2025-11-10 21:27:00,2025-11-10,28,0,Monday,11,November,False,False,False,Hamilton_Medium_Hospital
2025-11-11 13:44:00,2025-11-11,14,1,Tuesday,11,November,False,False,False,Hamilton_Medium_Hospital
2025-11-12 17:41:00,2025-11-12,15,2,Wednesday,11,November,False,False,False,Hamilton_Medium_Hospital
2025-11-13 10:49:00,2025-11-13,13,3,Thursday,11,November,False,False,False,Hamilton_Medium_Hospital
2025-11-14 15:55:00,2025-11-14,33,4,Friday,11,November,False,False,False,Hamilton_Medium_Hospital
2025-11-15 09:28:00,2025-11-15,8,5,Saturday,11,November,True,False,False,Hamilton_Medium_Hospital
2025-11-16 10:26:00,2025-11-16,19,6,Sunday,11,November,True,False,False,Hamilton_Medium_Hospital
2025-11-17 11:29:00,2025-11-17,37,0,Monday,11,November,False,False,False,Hamilton_Medium_Hospital
2025-11-18 20:46:00,2025-11-18,14,1,Tuesday,11,November,False,False,False,Hamilton_Medium_Hospital
2025-11-19 21:27:00,2025-11-19,22,2,Wednesday,11,November,False,False,False,Hamilton_Medium_Hospital
2025-11-20 14:16:00,2025-11-20,14,3,Thursday,11,November,False,False,False,Hamilton_Medium_Hospital
2025-11-21 11:09:00,2025-11-21,19,4,Friday,11,November,False,False,False,Hamilton_Medium_Hospital
2025-11-22 11:30:00,2025-11-22,8,5,Saturday,11,November,True,False,False,Hamilton_Medium_Hospital
2025-11-23 15:53:00,2025-11-23,7,6,Sunday,11,November,True,False,False,Hamilton_Medium_Hospital
2025-11-24 16:27:00,2025-11-24,37,0,Monday,11,November,False,False,False,Hamilton_Medium_Hospital
2025-11-25 19:47:00,2025-11-25,18,1,Tuesday,11,November,False,False,False,Hamilton_Medium_Hospital
2025-11-26 14:08:00,2025-11-26,9,2,Wednesday,11,November,False,False,False,Hamilton_Medium_Hospital
2025-11-27 20:37:00,2025-11-27,14,3,Thursday,11,November,False,True,False,Hamilton_Medium_Hospital
2025-11-28 12:35:00,2025-11-28,29,4,Friday,11,November,False,True,False,Hamilton_Medium_Hospital
2025-11-29 09:07:00,2025-11-29,4,5,Saturday,11,November,True,False,False,Hamilton_Medium_Hospital
2025-11-30 19:55:00,2025-11-30,13,6,Sunday,11,November,True,False,False,Hamilton_Medium_Hospital
2025-12-01 07:48:00,2025-12-01,10,0,Monday,12,December,False,False,False,Hamilton_Medium_Hospital
2025-12-02 13:58:00,2025-12-02,18,1,Tuesday,12,December,False,False,False,Hamilton_Medium_Hospital
2025-12-03 13:18:00,2025-12-03,19,2,Wednesday,12,December,False,False,False,Hamilton_Medium_Hospital
2025-12-04 13:22:00,2025-12-04,20,3,Thursday,12,December,False,False,False,Hamilton_Medium_Hospital
2025-12-05 13:32:00,2025-12-05,13,4,Friday,12,December,False,False,False,Hamilton_Medium_Hospital
2025-12-06 12:42:00,2025-12-06,12,5,Saturday,12,December,True,False,False,Hamilton_Medium_Hospital
2025-12-07 11:54:00,2025-12-07,14,6,Sunday,12,December,True,False,False,Hamilton_Medium_Hospital
2025-12-08 17:54:00,2025-12-08,15,0,Monday,12,December,False,False,False,Hamilton_Medium_Hospital
2025-12-09 08:07:00,2025-12-09,14,1,Tuesday,12,December,False,False,False,Hamilton_Medium_Hospital
2025-12-10 07:36:00,2025-12-10,15,2,Wednesday,12,December,False,False,False,Hamilton_Medium_Hospital
2025-12-11 07:27:00,2025-12-11,29,3,Thursday,12,December,False,False,False,Hamilton_Medium_Hospital
2025-12-12 12:49:00,2025-12-12,11,4,Friday,12,December,False,False,False,Hamilton_Medium_Hospital
2025-12-13 13:39:00,2025-12-13,7,5,Saturday,12,December,True,False,False,Hamilton_Medium_Hospital
2025-12-14 07:35:00,2025-12-14,15,6,Sunday,12,December,True,False,False,Hamilton_Medium_Hospital
2025-12-15 21:53:00,2025-12-15,30,0,Monday,12,December,False,False,True,Hamilton_Medium_Hospital
2025-12-16 08:01:00,2025-12-16,26,1,Tuesday,12,December,False,False,False,Hamilton_Medium_Hospital
2025-12-17 13:44:00,2025-12-17,24,2,Wednesday,12,December,False,False,False,Hamilton_Medium_Hospital
2025-12-18 16:58:00,2025-12-18,18,3,Thursday,12,December,False,False,False,Hamilton_Medium_Hospital
2025-12-19 17:00:00,2025-12-19,15,4,Friday,12,December,False,False,False,Hamilton_Medium_Hospital
2025-12-20 15:09:00,2025-12-20,11,5,Saturday,12,December,True,False,False,Hamilton_Medium_Hospital
2025-12-21 16:25:00,2025-12-21,7,6,Sunday,12,December,True,False,False,Hamilton_Medium_Hospital
2025-12-22 12:47:00,2025-12-22,14,0,Monday,12,December,False,False,False,Hamilton_Medium_Hospital
2025-12-23 11:01:00,2025-12-23,14,1,Tuesday,12,December,False,False,False,Hamilton_Medium_Hospital
2025-12-24 11:33:00,2025-12-24,10,2,Wednesday,12,December,False,True,False,Hamilton_Medium_Hospital
2025-12-25 12:26:00,2025-12-25,10,3,Thursday,12,December,False,True,False,Hamilton_Medium_Hospital
2025-12-26 11:10:00,2025-12-26,42,4,Friday,12,December,False,False,False,Hamilton_Medium_Hospital
2025-12-27 14:46:00,2025-12-27,18,5,Saturday,12,December,True,False,False,Hamilton_Medium_Hospital
2025-12-28 09:36:00,2025-12-28,17,6,Sunday,12,December,True,False,False,Hamilton_Medium_Hospital
2025-12-29 12:56:00,2025-12-29,17,0,Monday,12,December,False,False,False,Hamilton_Medium_Hospital
2025-12-30 13:10:00,2025-12-30,5,1,Tuesday,12,December,False,False,False,Hamilton_Medium_Hospital
2025-12-31 19:03:00,2025-12-31,12,2,Wednesday,12,December,False,True,False,Hamilton_Medium_Hospital
